pfp;block;year;quart;tile;category;data1;data2;data3;mera;arrow1;color1;proc1;text1;arrow2;color2;proc2;text2;isParent;addClass
Факт;все;12018;12018;Показатели;Соблюдение<br>лимита на оплату<br>труда по Блокам;;;;;;;;;;;;;parent;
Факт;все;12018;12018;Показатели;Среднемес. норм. доход<br>на 1 сотрудника;76.2;;;тыс. руб;;;;;;;;;parent;
Факт;все;12018;12018;Показатели;Средний разряд<br>Москва;9.1;;;;;;;;;;;;parent;
Факт;все;12018;12018;Показатели;Средний разряд<br>Регионы;6.4;;;;;;;;;;;;parent;
Факт;все;12018;12018;Показатели;Фактическая численность;243;;;тыс. чел;;;;;;;;;parent;
Факт;все;12018;12018;График соблюдение лимита;;2;16;;;;;;;;;;;parent;
Факт;все;12018;12018;КР на персонал;Персонал;84.7;76.8;+10%;;;;;;;;;;parent;
Факт;все;12018;12018;КР на персонал;Расходы на персонал;81.7;75.2;+8.7%;;;;;;;;;;parent;
Факт;все;12018;12018;КР на персонал;Зарплата и премия;44.8;43.6;+2.7%;;;;;;;;;;parent;
Факт;все;12018;12018;КР на персонал;Налоги на зарплату;18.4;17.1;+7.3%;;;;;;;;;;parent;
Факт;все;12018;12018;КР на персонал;Резервы на вознаграждения за год;8.9;7.2;+23.9%;;;;;;;;;;parent;
Факт;все;12018;12018;КР на персонал;Долгосрочные обязательства Risk-takers;2.0;-;н/д;;;;;;;;;;parent;
Факт;все;12018;12018;КР на персонал;Резервы на квартальное премирование;7.7;7.3;+5.5%;;;;;;;;;;parent;
Факт;все;12018;12018;КР на персонал;Расходы социального характера;3.0;1.7;+81.1%;;;;;;;;;;parent;
Факт;все;12018;12018;КР на персонал;Выплаты при увольнении сотрудников;0.6;0.6;+3.8%;;;;;;;;;;parent;
Факт;все;12018;12018;КР на персонал;ДМС;0.7;0.7;+7.3%;;;;;;;;;;parent;
Факт;все;12018;12018;КР на персонал;Единовременные премии;0.4;0.2;+70.5%;;;;;;;;;;parent;
Факт;все;12018;12018;КР на персонал;Материальная помощь;0.5;0.2;+189.1%;;;;;;;;;;parent;
Факт;все;12018;12018;КР на персонал;Соц. программа пенсионерам;0.8;-;н/д;;;;;;;;;;parent;
Факт;все;12018;12018;Факторы изменения1;Факт ЗМ 2017;60;76.8;76.8;;;#dfdfdf;;;;;;;parent;
Факт;все;12018;12018;Факторы изменения1;Удорожание ст-ти<br>перс-ла;76.8;78.1;+1.3;;;#6EC7F7;;;;;;;parent;
Факт;все;12018;12018;Факторы изменения1;Налоги на з/п;78.1;79.4;+1.3;;;#6EC7F7;;;;;;;parent;
Факт;все;12018;12018;Факторы изменения1;Индексация;79.4;81.6;+2.2;;;#6EC7F7;;;;;;;parent;
Факт;все;12018;12018;Факторы изменения1;Расходы соц. хар-ра;81.6;82.2;+0.6;;;#6EC7F7;;;;;;;parent;
Факт;все;12018;12018;Факторы изменения1;Сокр. рез-ва на отпуск;82.2;81.7;-0.5;;;#61db96;;;;;;;parent;
Факт;все;12018;12018;Факторы изменения1;Сокр. среднесп. числ.;81.7;80.3;-1.4;;;#61db96;;;;;;;parent;
Факт;все;12018;12018;Факторы изменения1;Календ. и завыш.<br>рез-вы;80.3;84.7;+4.4;;;#6EC7F7;;;;;;;parent;
Факт;все;12018;12018;Факторы изменения1;Факт ЗМ 2018;60;84.7;84.7;;;#dfdfdf;;;;;;;parent;
Факт;все;12018;12018;Факторы изменения2;Факт ЗМ 2017;60;76.8;76.8;;;#dfdfdf;;;;;;;parent;
Факт;все;12018;12018;Факторы изменения2;ЦА;76.8;78.1;+1.3;;;#6EC7F7;;;;;;;parent;
Факт;все;12018;12018;Факторы изменения2;ПЦП;78.1;79.4;+1.3;;;#6EC7F7;;;;;;;parent;
Факт;все;12018;12018;Факторы изменения2;ТБ;79.4;81.6;+2.2;;;#6EC7F7;;;;;;;parent;
Факт;все;12018;12018;Факторы изменения2;ВСП;81.6;82.2;+0.6;;;#6EC7F7;;;;;;;parent;
Факт;все;12018;12018;Факторы изменения2;Факт ЗМ 2018;60;84.7;84.7;;;#dfdfdf;;;;;;;parent;
Факт;все;12018;12018;Динамика расходов на персонал;2016;н/д;н/д;;;;;;;;;;;parent;
Факт;все;12018;12018;Динамика расходов на персонал;2018;324;326;;;;;;;;;;;parent;
Факт;все;12018;12018;Динамика расходов на персонал;2018;85;328;;;;;;;;;;;parent;
Факт;все;12018;12018;Динамика расходов на персонал;2019;н/д;н/д;;;;;;;;;;;parent;
Факт;все;12018;12018;Динамика расходов на персонал;2020;н/д;н/д;;;;;;;;;;;parent;
План;все;12018;12018;Показатели;Соблюдение<br>лимита на оплату<br>труда по Блокам;;;;;;;;;;;;;parent;
План;все;12018;12018;Показатели;Среднемес. норм. доход<br>на 1 сотрудника;76.2;;;тыс. руб;;;;;;;;;parent;
План;все;12018;12018;Показатели;Средний разряд<br>Москва;9.1;;;;;;;;;;;;parent;
План;все;12018;12018;Показатели;Средний разряд<br>Регионы;6.4;;;;;;;;;;;;parent;
План;все;12018;12018;Показатели;Фактическая численность;243;;;тыс. чел;;;;;;;;;parent;
План;все;12018;12018;График соблюдение лимита;;2;16;;;;;;;;;;;parent;
План;все;12018;12018;КР на персонал;Персонал;84.7;84.5;+0.3%;;;;;;;;;;parent;
План;все;12018;12018;КР на персонал;Расходы на персонал;81.7;80.4;+1.7%;;;;;;;;;;parent;
План;все;12018;12018;КР на персонал;Зарплата и премия;44.8;44.6;+0.5%;;;;;;;;;;parent;
План;все;12018;12018;КР на персонал;Налоги на зарплату;18.4;15.0;+22.1%;;;;;;;;;;parent;
План;все;12018;12018;КР на персонал;Резервы на вознаграждения за год;8.9;12.8;-30.5%;;;;;;;;;;parent;
План;все;12018;12018;КР на персонал;Долгосрочные обязательства Risk-takers;2.0;-;н/д;;;;;;;;;;parent;
План;все;12018;12018;КР на персонал;Резервы на квартальное премирование;7.7;8.0;-3.8%;;;;;;;;;;parent;
План;все;12018;12018;КР на персонал;Расходы социального характера;3.0;4.1;-26.8%;;;;;;;;;;parent;
План;все;12018;12018;КР на персонал;Выплаты при увольнении сотрудников;0.6;1.0;-38.1%;;;;;;;;;;parent;
План;все;12018;12018;КР на персонал;ДМС;0.7;0.9;-17.7%;;;;;;;;;;parent;
План;все;12018;12018;КР на персонал;Единовременные премии;0.4;1.6;-77.3%;;;;;;;;;;parent;
План;все;12018;12018;КР на персонал;Материальная помощь;0.5;0.4;+10.1%;;;;;;;;;;parent;
План;все;12018;12018;КР на персонал;Соц. программа пенсионерам;0.8;0.2;+294.9%;;;;;;;;;;parent;
План;все;12018;12018;Факторы изменения1;Факт ЗМ 2017;60;76.8;76.8;;;#dfdfdf;;;;;;;parent;
План;все;12018;12018;Факторы изменения1;Удорожание ст-ти<br>перс-ла;76.8;78.1;+1.3;;;#6EC7F7;;;;;;;parent;
План;все;12018;12018;Факторы изменения1;Налоги на з/п;78.1;79.4;+1.3;;;#6EC7F7;;;;;;;parent;
План;все;12018;12018;Факторы изменения1;Индексация;79.4;81.6;+2.2;;;#6EC7F7;;;;;;;parent;
План;все;12018;12018;Факторы изменения1;Расходы соц. хар-ра;81.6;82.2;+0.6;;;#6EC7F7;;;;;;;parent;
План;все;12018;12018;Факторы изменения1;Сокр. рез-ва на отпуск;82.2;81.7;-0.5;;;#61db96;;;;;;;parent;
План;все;12018;12018;Факторы изменения1;Сокр. среднесп. числ.;81.7;80.3;-1.4;;;#61db96;;;;;;;parent;
План;все;12018;12018;Факторы изменения1;Календ. и завыш.<br>рез-вы;80.3;84.7;+4.4;;;#6EC7F7;;;;;;;parent;
План;все;12018;12018;Факторы изменения1;Факт ЗМ 2018;60;84.7;84.7;;;#dfdfdf;;;;;;;parent;
План;все;12018;12018;Факторы изменения2;Факт ЗМ 2017;60;76.8;76.8;;;#dfdfdf;;;;;;;parent;
План;все;12018;12018;Факторы изменения2;ЦА;76.8;78.1;+1.3;;;#6EC7F7;;;;;;;parent;
План;все;12018;12018;Факторы изменения2;ПЦП;78.1;79.4;+1.3;;;#6EC7F7;;;;;;;parent;
План;все;12018;12018;Факторы изменения2;ТБ;79.4;81.6;+2.2;;;#6EC7F7;;;;;;;parent;
План;все;12018;12018;Факторы изменения2;ВСП;81.6;82.2;+0.6;;;#6EC7F7;;;;;;;parent;
План;все;12018;12018;Факторы изменения2;Факт ЗМ 2018;60;84.7;84.7;;;#dfdfdf;;;;;;;parent;
План;все;12018;12018;Динамика расходов на персонал;2016;н/д;н/д;;;;;;;;;;;parent;
План;все;12018;12018;Динамика расходов на персонал;2018;324;326;;;;;;;;;;;parent;
План;все;12018;12018;Динамика расходов на персонал;2018;85;328;;;;;;;;;;;parent;
План;все;12018;12018;Динамика расходов на персонал;2019;н/д;н/д;;;;;;;;;;;parent;
План;все;12018;12018;Динамика расходов на персонал;2020;н/д;н/д;;;;;;;;;;;parent;
План;все;42018;42018;Показатели;Соблюдение<br>лимита на оплату<br>труда по Блокам;;;;;;;;;;;;;parent;
План;все;42018;42018;Показатели;Среднемес. норм. доход<br>на 1 сотрудника;76.2;;;тыс. руб;;;;;;;;;parent;
План;все;42018;42018;Показатели;Средний разряд<br>Москва;9.1;;;;;;;;;;;;parent;
План;все;42018;42018;Показатели;Средний разряд<br>Регионы;6.4;;;;;;;;;;;;parent;
План;все;42018;42018;Показатели;Фактическая численность;243;;;тыс. чел;;;;;;;;;parent;
План;все;42018;42018;График соблюдение лимита;;2;16;;;;;;;;;;;parent;
План;все;42018;42018;КР на персонал;Персонал;328.8;329.1;-0.1%;;;;;;;;;;parent;
План;все;42018;42018;КР на персонал;Расходы на персонал;313.7;313.6;0%;;;;;;;;;;parent;
План;все;42018;42018;КР на персонал;Зарплата и премия;178.7;180.0;-0.7%;;;;;;;;;;parent;
План;все;42018;42018;КР на персонал;Налоги на зарплату;62.1;51.9;+19.4%;;;;;;;;;;parent;
План;все;42018;42018;КР на персонал;Резервы на вознаграждения за год;43.9;54.0;-18.6%;;;;;;;;;;parent;
План;все;42018;42018;КР на персонал;Резерв (врем.экон.ПАО Сбербанк);2.0;0;-99.4%;;;;;;;;;;parent;
План;все;42018;42018;КР на персонал;Резервы на квартальное премирование;27.0;27.6;-2.1%;;;;;;;;;;parent;
План;все;42018;42018;КР на персонал;Расходы социального характера;15.1;15.5;-2.7%;;;;;;;;;;parent;
План;все;42018;42018;КР на персонал;Выплаты при увольнении сотрудников;4.3;4.3;+0.9%;;;;;;;;;;parent;
План;все;42018;42018;КР на персонал;ДМС;2.7;3.3;-17.5%;;;;;;;;;;parent;
План;все;42018;42018;КР на персонал;Единовременные премии;3.4;3.2;+6.0%;;;;;;;;;;parent;
План;все;42018;42018;КР на персонал;Материальная помощь;1.4;1.9;-28.8%;;;;;;;;;;parent;
План;все;42018;42018;КР на персонал;Соц. программа пенсионерам;3.3;2.8;+16.7%;;;;;;;;;;parent;
План;все;42018;42018;Факторы изменения1;Факт ЗМ 2017;60;76.8;76.8;;;#dfdfdf;;;;;;;parent;
План;все;42018;42018;Факторы изменения1;Удорожание ст-ти<br>перс-ла;76.8;78.1;+1.3;;;#6EC7F7;;;;;;;parent;
План;все;42018;42018;Факторы изменения1;Налоги на з/п;78.1;79.4;+1.3;;;#6EC7F7;;;;;;;parent;
План;все;42018;42018;Факторы изменения1;Индексация;79.4;81.6;+2.2;;;#6EC7F7;;;;;;;parent;
План;все;42018;42018;Факторы изменения1;Расходы соц. хар-ра;81.6;82.2;+0.6;;;#6EC7F7;;;;;;;parent;
План;все;42018;42018;Факторы изменения1;Сокр. рез-ва на отпуск;82.2;81.7;-0.5;;;#61db96;;;;;;;parent;
План;все;42018;42018;Факторы изменения1;Сокр. среднесп. числ.;81.7;80.3;-1.4;;;#61db96;;;;;;;parent;
План;все;42018;42018;Факторы изменения1;Календ. и завыш.<br>рез-вы;80.3;84.7;+4.4;;;#6EC7F7;;;;;;;parent;
План;все;42018;42018;Факторы изменения1;Факт ЗМ 2018;60;84.7;84.7;;;#dfdfdf;;;;;;;parent;
План;все;42018;42018;Факторы изменения2;Факт ЗМ 2017;60;76.8;76.8;;;#dfdfdf;;;;;;;parent;
План;все;42018;42018;Факторы изменения2;ЦА;76.8;78.1;+1.3;;;#6EC7F7;;;;;;;parent;
План;все;42018;42018;Факторы изменения2;ПЦП;78.1;79.4;+1.3;;;#6EC7F7;;;;;;;parent;
План;все;42018;42018;Факторы изменения2;ТБ;79.4;81.6;+2.2;;;#6EC7F7;;;;;;;parent;
План;все;42018;42018;Факторы изменения2;ВСП;81.6;82.2;+0.6;;;#6EC7F7;;;;;;;parent;
План;все;42018;42018;Факторы изменения2;Факт ЗМ 2018;60;84.7;84.7;;;#dfdfdf;;;;;;;parent;
План;все;42018;42018;Динамика расходов на персонал;2016;н/д;н/д;;;;;;;;;;;parent;
План;все;42018;42018;Динамика расходов на персонал;2018;324;326;;;;;;;;;;;parent;
План;все;42018;42018;Динамика расходов на персонал;2018;85;328;;;;;;;;;;;parent;
План;все;42018;42018;Динамика расходов на персонал;2019;н/д;н/д;;;;;;;;;;;parent;
План;все;42018;42018;Динамика расходов на персонал;2020;н/д;н/д;;;;;;;;;;;parent;
Факт;все;42018;42018;Показатели;Соблюдение<br>лимита на оплату<br>труда по Блокам;;;;;;;;;;;;;parent;
Факт;все;42018;42018;Показатели;Среднемес. норм. доход<br>на 1 сотрудника;76.2;;;тыс. руб;;;;;;;;;parent;
Факт;все;42018;42018;Показатели;Средний разряд<br>Москва;9.1;;;;;;;;;;;;parent;
Факт;все;42018;42018;Показатели;Средний разряд<br>Регионы;6.4;;;;;;;;;;;;parent;
Факт;все;42018;42018;Показатели;Фактическая численность;243;;;тыс. чел;;;;;;;;;parent;
Факт;все;42018;42018;График соблюдение лимита;;2;16;;;;;;;;;;;parent;
Факт;все;42018;42018;КР на персонал;Персонал;328.8;324.1;+1.5%;;;;;;;;;;parent;
Факт;все;42018;42018;КР на персонал;Расходы на персонал;313.7;312.2;+0.5%;;;;;;;;;;parent;
Факт;все;42018;42018;КР на персонал;Зарплата и премия;178.7;171.8;+4.0%;;;;;;;;;;parent;
Факт;все;42018;42018;КР на персонал;Налоги на зарплату;62.1;62.6;-0.8%;;;;;;;;;;parent;
Факт;все;42018;42018;КР на персонал;Резервы на вознаграждения за год;43.9;49.5;-11.2%;;;;;;;;;;parent;
Факт;все;42018;42018;КР на персонал;Резервы на квартальное премирование;27.0;28.4;-4.9%;;;;;;;;;;parent;
Факт;все;42018;42018;КР на персонал;Расходы социального характера;15.1;11.9;+27.3%;;;;;;;;;;parent;
Факт;все;42018;42018;КР на персонал;Выплаты при увольнении сотрудников;4.3;2.9;+47.3%;;;;;;;;;;parent;
Факт;все;42018;42018;КР на персонал;ДМС;2.7;3.1;-13.9%;;;;;;;;;;parent;
Факт;все;42018;42018;КР на персонал;Единовременные премии;3.4;2.2;+54.6%;;;;;;;;;;parent;
Факт;все;42018;42018;КР на персонал;Материальная помощь;1.4;2.4;-43.0%;;;;;;;;;;parent;
Факт;все;42018;42018;КР на персонал;Соц. программа пенсионерам;3.3;1.2;+180.0%;;;;;;;;;;parent;
Факт;все;42018;42018;Факторы изменения1;Факт ЗМ 2017;60;76.8;76.8;;;#dfdfdf;;;;;;;parent;
Факт;все;42018;42018;Факторы изменения1;Удорожание ст-ти<br>перс-ла;76.8;78.1;+1.3;;;#6EC7F7;;;;;;;parent;
Факт;все;42018;42018;Факторы изменения1;Налоги на з/п;78.1;79.4;+1.3;;;#6EC7F7;;;;;;;parent;
Факт;все;42018;42018;Факторы изменения1;Индексация;79.4;81.6;+2.2;;;#6EC7F7;;;;;;;parent;
Факт;все;42018;42018;Факторы изменения1;Расходы соц. хар-ра;81.6;82.2;+0.6;;;#6EC7F7;;;;;;;parent;
Факт;все;42018;42018;Факторы изменения1;Сокр. рез-ва на отпуск;82.2;81.7;-0.5;;;#61db96;;;;;;;parent;
Факт;все;42018;42018;Факторы изменения1;Сокр. среднесп. числ.;81.7;80.3;-1.4;;;#61db96;;;;;;;parent;
Факт;все;42018;42018;Факторы изменения1;Календ. и завыш.<br>рез-вы;80.3;84.7;+4.4;;;#6EC7F7;;;;;;;parent;
Факт;все;42018;42018;Факторы изменения1;Факт ЗМ 2018;60;84.7;84.7;;;#dfdfdf;;;;;;;parent;
Факт;все;42018;42018;Факторы изменения2;Факт ЗМ 2017;60;76.8;76.8;;;#dfdfdf;;;;;;;parent;
Факт;все;42018;42018;Факторы изменения2;ЦА;76.8;78.1;+1.3;;;#6EC7F7;;;;;;;parent;
Факт;все;42018;42018;Факторы изменения2;ПЦП;78.1;79.4;+1.3;;;#6EC7F7;;;;;;;parent;
Факт;все;42018;42018;Факторы изменения2;ТБ;79.4;81.6;+2.2;;;#6EC7F7;;;;;;;parent;
Факт;все;42018;42018;Факторы изменения2;ВСП;81.6;82.2;+0.6;;;#6EC7F7;;;;;;;parent;
Факт;все;42018;42018;Факторы изменения2;Факт ЗМ 2018;60;84.7;84.7;;;#dfdfdf;;;;;;;parent;
Факт;все;42018;42018;Динамика расходов на персонал;2016;н/д;н/д;;;;;;;;;;;parent;
Факт;все;42018;42018;Динамика расходов на персонал;2018;324;326;;;;;;;;;;;parent;
Факт;все;42018;42018;Динамика расходов на персонал;2018;85;328;;;;;;;;;;;parent;
Факт;все;42018;42018;Динамика расходов на персонал;2019;н/д;н/д;;;;;;;;;;;parent;
Факт;все;42018;42018;Динамика расходов на персонал;2020;н/д;н/д;;;;;;;;;;;parent;
Факт;КБ;12018;12018;Показатели;Соблюдение<br>лимита на оплату<br>труда по Блокам;;;;;;;;;;;;;parent;
Факт;КБ;12018;12018;Показатели;Среднемес. норм. доход<br>на 1 сотрудника;105.2;;;тыс. руб;;;;;;;;;parent;
Факт;КБ;12018;12018;Показатели;Средний разряд<br>Москва;11.1;;;;;;;;;;;;parent;
Факт;КБ;12018;12018;Показатели;Средний разряд<br>Регионы;8.9;;;;;;;;;;;;parent;
Факт;КБ;12018;12018;Показатели;Фактическая численность;21;;;тыс. чел;;;;;;;;;parent;
Факт;КБ;12018;12018;График соблюдение лимита;;0;1;;;;;;;;;;;parent;
Факт;КБ;12018;12018;КР на персонал;Персонал;9.8;8.8;+11.4%;;;;;;;;;;parent;
Факт;КБ;12018;12018;КР на персонал;Расходы на персонал;9.6;8.6;+11.6%;;;;;;;;;;parent;
Факт;КБ;12018;12018;КР на персонал;Зарплата и премия;4.6;4.3;+7.0%;;;;;;;;;;parent;
Факт;КБ;12018;12018;КР на персонал;Налоги на зарплату;2.2;2.0;+10.0%;;;;;;;;;;parent;
Факт;КБ;12018;12018;КР на персонал;Резервы на вознаграждения за год;1.0;0.8;+25.0%;;;;;;;;;;parent;
Факт;КБ;12018;12018;КР на персонал;Долгосрочные обязательтва Risk-takers;н/д;н/д;н/д;;;;;;;;;;parent;
Факт;КБ;12018;12018;КР на персонал;Резервы на квартальное премирование;1.7;1.5;+13.3%;;;;;;;;;;parent;
Факт;КБ;12018;12018;КР на персонал;Расходы социального характера;0.2;0.2;0%;;;;;;;;;;parent;
Факт;КБ;12018;12018;КР на персонал;Выплаты при увольнении сотрудников;0.1;0.1;0%;;;;;;;;;;parent;
Факт;КБ;12018;12018;КР на персонал;ДМС;0.1;0.1;0%;;;;;;;;;;parent;
Факт;КБ;12018;12018;Факторы изменения1;Факт 3М'17;5;8.8;8.8;;;#dfdfdf;;;;;;;parent;
Факт;КБ;12018;12018;Факторы изменения1;Налоги на<br>заработную плату;8.8;9.0;+2%;;;#6EC7F7;;;;;;;parent;
Факт;КБ;12018;12018;Факторы изменения1;Индексация;9.0;9.3;+3%;;;#6EC7F7;;;;;;;parent;
Факт;КБ;12018;12018;Факторы изменения1;Расходы соц. хар-ра;9.3;9.4;+1%;;;#6EC7F7;;;;;;;parent;
Факт;КБ;12018;12018;Факторы изменения1;Сокращение резерва<br>на отпуска;9.4;9.5;-1%;;;#6EC7F7;;;;;;;parent;
Факт;КБ;12018;12018;Факторы изменения1;Сокращение среднесп.<br>численности;9.5;9.6;+1%;;;#61db96;;;;;;;parent;
Факт;КБ;12018;12018;Факторы изменения1;Централизация;9.6;9.9;+3%;;;#61db96;;;;;;;parent;
Факт;КБ;12018;12018;Факторы изменения1;Факт 3М'18;5;9.9;9.9;;;#6EC7F7;;;;;;;parent;
Факт;КБ;12018;12018;Факторы изменения2;Факт 3М'17;60;76.8;76.8;;;#dfdfdf;;;;;;;parent;
Факт;КБ;12018;12018;Факторы изменения2;ЦА;76.8;79.1;+33.8%;;;#6EC7F7;;;;;;;parent;
Факт;КБ;12018;12018;Факторы изменения2;ПЦП;79.1;83.0;+21.3%;;;#6EC7F7;;;;;;;parent;
Факт;КБ;12018;12018;Факторы изменения2;ТБ;83.0;83.4;+1.3%;;;#6EC7F7;;;;;;;parent;
Факт;КБ;12018;12018;Факторы изменения2;ВСП;83.4;84.7;+6.4%;;;#6EC7F7;;;;;;;parent;
Факт;КБ;12018;12018;Факторы изменения2;Факт 3М'18;60;84.7;84.7;;;#dfdfdf;;;;;;;parent;
Факт;КБ;12018;12018;Динамика расходов на персонал;2016;н/д;н/д;;;;;;;;;;;parent;
Факт;КБ;12018;12018;Динамика расходов на персонал;2017;36;35;;;;;;;;;;;parent;
Факт;КБ;12018;12018;Динамика расходов на персонал;2018;14;38;;;;;;;;;;;parent;
Факт;КБ;12018;12018;Динамика расходов на персонал;2019;0;н/д;;;;;;;;;;;parent;
Факт;КБ;12018;12018;Динамика расходов на персонал;2020;0;н/д;;;;;;;;;;;parent;
План;КБ;12018;12018;Показатели;Соблюдение<br>лимита на оплату<br>труда по Блокам;;;;;;;;;;;;;parent;
План;КБ;12018;12018;Показатели;Среднемес. норм. доход<br>на 1 сотрудника;105.2;;;тыс. руб;;;;;;;;;parent;
План;КБ;12018;12018;Показатели;Средний разряд<br>Москва;11.1;;;;;;;;;;;;parent;
План;КБ;12018;12018;Показатели;Средний разряд<br>Регионы;8.9;;;;;;;;;;;;parent;
План;КБ;12018;12018;Показатели;Фактическая численность;21;;;тыс. чел;;;;;;;;;parent;
План;КБ;12018;12018;График соблюдение лимита;;0;1;;;;;;;;;;;parent;
План;КБ;12018;12018;КР на персонал;Персонал;9.8;9.9;-1.0%;;;;;;;;;;parent;
План;КБ;12018;12018;КР на персонал;Расходы на персонал;9.6;9.8;-2.0%;;;;;;;;;;parent;
План;КБ;12018;12018;КР на персонал;Зарплата и премия;4.6;4.7;-2.1%;;;;;;;;;;parent;
План;КБ;12018;12018;КР на персонал;Налоги на зарплату;2.2;1.9;+15.8%;;;;;;;;;;parent;
План;КБ;12018;12018;КР на персонал;Резервы на вознаграждения за год;1.0;6;-37.5%;;;;;;;;;;parent;
План;КБ;12018;12018;КР на персонал;Долгосрочные обязательтва Risk-takers;н/д;н/д;н/д;;;;;;;;;;parent;
План;КБ;12018;12018;КР на персонал;Резервы на квартальное премирование;1.7;1.86;+6.2%;;;;;;;;;;parent;
План;КБ;12018;12018;КР на персонал;Расходы социального характера;0.2;0.1;+100%;;;;;;;;;;parent;
План;КБ;12018;12018;КР на персонал;Выплаты при увольнении сотрудников;0.1;0.1;0%;;;;;;;;;;parent;
План;КБ;12018;12018;КР на персонал;ДМС;0.1;0.1;0%;;;;;;;;;;parent;
План;КБ;12018;12018;Факторы изменения1;Факт 3М'17;5;8.8;8.8;;;#dfdfdf;;;;;;;parent;
План;КБ;12018;12018;Факторы изменения1;Налоги на<br>заработную плату;8.8;9.0;+2%;;;#6EC7F7;;;;;;;parent;
План;КБ;12018;12018;Факторы изменения1;Индексация;9.0;9.3;+3%;;;#6EC7F7;;;;;;;parent;
План;КБ;12018;12018;Факторы изменения1;Расходы соц. хар-ра;9.3;9.4;+1%;;;#6EC7F7;;;;;;;parent;
План;КБ;12018;12018;Факторы изменения1;Сокращение резерва<br>на отпуска;9.4;9.5;-1%;;;#6EC7F7;;;;;;;parent;
План;КБ;12018;12018;Факторы изменения1;Сокращение среднесп.<br>численности;9.5;9.6;+1%;;;#61db96;;;;;;;parent;
План;КБ;12018;12018;Факторы изменения1;Централизация;9.6;9.9;+3%;;;#61db96;;;;;;;parent;
План;КБ;12018;12018;Факторы изменения1;Факт 3М'18;5;9.9;9.9;;;#6EC7F7;;;;;;;parent;
План;КБ;12018;12018;Факторы изменения2;Факт 3М'17;60;76.8;76.8;;;#dfdfdf;;;;;;;parent;
План;КБ;12018;12018;Факторы изменения2;ЦА;76.8;79.1;+33.8%;;;#6EC7F7;;;;;;;parent;
План;КБ;12018;12018;Факторы изменения2;ПЦП;79.1;83.0;+21.3%;;;#6EC7F7;;;;;;;parent;
План;КБ;12018;12018;Факторы изменения2;ТБ;83.0;83.4;+1.3%;;;#6EC7F7;;;;;;;parent;
План;КБ;12018;12018;Факторы изменения2;ВСП;83.4;84.7;+6.4%;;;#6EC7F7;;;;;;;parent;
План;КБ;12018;12018;Факторы изменения2;Факт 3М'18;60;84.7;84.7;;;#dfdfdf;;;;;;;parent;
План;КБ;12018;12018;Динамика расходов на персонал;2016;н/д;н/д;;;;;;;;;;;parent;
План;КБ;12018;12018;Динамика расходов на персонал;2017;36;35;;;;;;;;;;;parent;
План;КБ;12018;12018;Динамика расходов на персонал;2018;14;38;;;;;;;;;;;parent;
План;КБ;12018;12018;Динамика расходов на персонал;2019;0;н/д;;;;;;;;;;;parent;
План;КБ;12018;12018;Динамика расходов на персонал;2020;0;н/д;;;;;;;;;;;parent;
Факт;КБ;42018;42018;Показатели;Соблюдение<br>лимита на оплату<br>труда по Блокам;;;;;;;;;;;;;parent;
Факт;КБ;42018;42018;Показатели;Среднемес. норм. доход<br>на 1 сотрудника;105.2;;;тыс. руб;;;;;;;;;parent;
Факт;КБ;42018;42018;Показатели;Средний разряд<br>Москва;11.1;;;;;;;;;;;;parent;
Факт;КБ;42018;42018;Показатели;Средний разряд<br>Регионы;8.9;;;;;;;;;;;;parent;
Факт;КБ;42018;42018;Показатели;Фактическая численность;21;;;тыс. чел;;;;;;;;;parent;
Факт;КБ;42018;42018;График соблюдение лимита;;0;1;;;;;;;;;;;parent;
Факт;КБ;42018;42018;КР на персонал;Персонал;38.0;36.5;+4.1%;;;;;;;;;;parent;
Факт;КБ;42018;42018;КР на персонал;Расходы на персонал;37.7;35.4;+6.5%;;;;;;;;;;parent;
Факт;КБ;42018;42018;КР на персонал;Зарплата и премия;18.7;17.3;+8.1%;;;;;;;;;;parent;
Факт;КБ;42018;42018;КР на персонал;Налоги на зарплату;6.3;6.9;-8.7%;;;;;;;;;;parent;
Факт;КБ;42018;42018;КР на персонал;Резервы на вознаграждения за год;6.3;5.2;+21.2%;;;;;;;;;;parent;
Факт;КБ;42018;42018;КР на персонал;Долгосрочные обязательтва Risk-takers;н/д;н/д;н/д;;;;;;;;;;parent;
Факт;КБ;42018;42018;КР на персонал;Резервы на квартальное премирование;6.3;5.9;+6.8%;;;;;;;;;;parent;
Факт;КБ;42018;42018;КР на персонал;Расходы социального характера;0.3;1.1;-72.7%;;;;;;;;;;parent;
Факт;КБ;42018;42018;КР на персонал;Выплаты при увольнении сотрудников;0.2;0.4;-50%;;;;;;;;;;parent;
Факт;КБ;42018;42018;КР на персонал;ДМС;0.1;0.3;-66.7%;;;;;;;;;;parent;
Факт;КБ;42018;42018;КР на персонал;Единовременные премии;0;0.2;-100%;;;;;;;;;;parent;
Факт;КБ;42018;42018;КР на персонал;Материальная помощь;0.1;0.2;-50%;;;;;;;;;;parent;
Факт;КБ;42018;42018;Факторы изменения1;Факт 3М'17;5;8.8;8.8;;;#dfdfdf;;;;;;;parent;
Факт;КБ;42018;42018;Факторы изменения1;Налоги на<br>заработную плату;8.8;9.0;+2%;;;#6EC7F7;;;;;;;parent;
Факт;КБ;42018;42018;Факторы изменения1;Индексация;9.0;9.3;+3%;;;#6EC7F7;;;;;;;parent;
Факт;КБ;42018;42018;Факторы изменения1;Расходы соц. хар-ра;9.3;9.4;+1%;;;#6EC7F7;;;;;;;parent;
Факт;КБ;42018;42018;Факторы изменения1;Сокращение резерва<br>на отпуска;9.4;9.5;-1%;;;#6EC7F7;;;;;;;parent;
Факт;КБ;42018;42018;Факторы изменения1;Сокращение среднесп.<br>численности;9.5;9.6;+1%;;;#61db96;;;;;;;parent;
Факт;КБ;42018;42018;Факторы изменения1;Централизация;9.6;9.9;+3%;;;#61db96;;;;;;;parent;
Факт;КБ;42018;42018;Факторы изменения1;Факт 3М'18;5;9.9;9.9;;;#6EC7F7;;;;;;;parent;
Факт;КБ;42018;42018;Факторы изменения2;Факт 3М'17;60;76.8;76.8;;;#dfdfdf;;;;;;;parent;
Факт;КБ;42018;42018;Факторы изменения2;ЦА;76.8;79.1;+33.8%;;;#6EC7F7;;;;;;;parent;
Факт;КБ;42018;42018;Факторы изменения2;ПЦП;79.1;83.0;+21.3%;;;#6EC7F7;;;;;;;parent;
Факт;КБ;42018;42018;Факторы изменения2;ТБ;83.0;83.4;+1.3%;;;#6EC7F7;;;;;;;parent;
Факт;КБ;42018;42018;Факторы изменения2;ВСП;83.4;84.7;+6.4%;;;#6EC7F7;;;;;;;parent;
Факт;КБ;42018;42018;Факторы изменения2;Факт 3М'18;60;84.7;84.7;;;#dfdfdf;;;;;;;parent;
Факт;КБ;42018;42018;Динамика расходов на персонал;2016;н/д;н/д;;;;;;;;;;;parent;
Факт;КБ;42018;42018;Динамика расходов на персонал;2017;36;35;;;;;;;;;;;parent;
Факт;КБ;42018;42018;Динамика расходов на персонал;2018;14;38;;;;;;;;;;;parent;
Факт;КБ;42018;42018;Динамика расходов на персонал;2019;0;н/д;;;;;;;;;;;parent;
Факт;КБ;42018;42018;Динамика расходов на персонал;2020;0;н/д;;;;;;;;;;;parent;
План;КБ;42018;42018;Показатели;Соблюдение<br>лимита на оплату<br>труда по Блокам;;;;;;;;;;;;;parent;
План;КБ;42018;42018;Показатели;Среднемес. норм. доход<br>на 1 сотрудника;105.2;;;тыс. руб;;;;;;;;;parent;
План;КБ;42018;42018;Показатели;Средний разряд<br>Москва;11.1;;;;;;;;;;;;parent;
План;КБ;42018;42018;Показатели;Средний разряд<br>Регионы;8.9;;;;;;;;;;;;parent;
План;КБ;42018;42018;Показатели;Фактическая численность;21;;;тыс. чел;;;;;;;;;parent;
План;КБ;42018;42018;График соблюдение лимита;;0;1;;;;;;;;;;;parent;
План;КБ;42018;42018;КР на персонал;Персонал;38.0;38.2;-0.5%;;;;;;;;;;parent;
План;КБ;42018;42018;КР на персонал;Расходы на персонал;37.7;38.1;-1.1%;;;;;;;;;;parent;
План;КБ;42018;42018;КР на персонал;Зарплата и премия;18.7;18.8;-0.5%;;;;;;;;;;parent;
План;КБ;42018;42018;КР на персонал;Налоги на зарплату;6.3;6.3;0%;;;;;;;;;;parent;
План;КБ;42018;42018;КР на персонал;Резервы на вознаграждения за год;6.3;6.7;-5.9%;;;;;;;;;;parent;
План;КБ;42018;42018;КР на персонал;Долгосрочные обязательтва Risk-takers;н/д;н/д;н/д;;;;;;;;;;parent;
План;КБ;42018;42018;КР на персонал;Резервы на квартальное премирование;6.3;6.3;0%;;;;;;;;;;parent;
План;КБ;42018;42018;КР на персонал;Расходы социального характера;0.3;0.1;+66.7%;;;;;;;;;;parent;
План;КБ;42018;42018;КР на персонал;Выплаты при увольнении сотрудников;0.2;0.1;+100%;;;;;;;;;;parent;
План;КБ;42018;42018;КР на персонал;ДМС;0.1;0;н/д;;;;;;;;;;parent;
План;КБ;42018;42018;КР на персонал;Единовременные премии;0;0;0%;;;;;;;;;;parent;
План;КБ;42018;42018;КР на персонал;Материальная помощь;0.1;0.1;0%;;;;;;;;;;parent;
План;КБ;42018;42018;Факторы изменения1;Факт 3М'17;5;8.8;8.8;;;#dfdfdf;;;;;;;parent;
План;КБ;42018;42018;Факторы изменения1;Налоги на<br>заработную плату;8.8;9.0;+2%;;;#6EC7F7;;;;;;;parent;
План;КБ;42018;42018;Факторы изменения1;Индексация;9.0;9.3;+3%;;;#6EC7F7;;;;;;;parent;
План;КБ;42018;42018;Факторы изменения1;Расходы соц. хар-ра;9.3;9.4;+1%;;;#6EC7F7;;;;;;;parent;
План;КБ;42018;42018;Факторы изменения1;Сокращение резерва<br>на отпуска;9.4;9.5;-1%;;;#6EC7F7;;;;;;;parent;
План;КБ;42018;42018;Факторы изменения1;Сокращение среднесп.<br>численности;9.5;9.6;+1%;;;#61db96;;;;;;;parent;
План;КБ;42018;42018;Факторы изменения1;Централизация;9.6;9.9;+3%;;;#61db96;;;;;;;parent;
План;КБ;42018;42018;Факторы изменения1;Факт 3М'18;5;9.9;9.9;;;#6EC7F7;;;;;;;parent;
План;КБ;42018;42018;Факторы изменения2;Факт 3М'17;60;76.8;76.8;;;#dfdfdf;;;;;;;parent;
План;КБ;42018;42018;Факторы изменения2;ЦА;76.8;79.1;+33.8%;;;#6EC7F7;;;;;;;parent;
План;КБ;42018;42018;Факторы изменения2;ПЦП;79.1;83.0;+21.3%;;;#6EC7F7;;;;;;;parent;
План;КБ;42018;42018;Факторы изменения2;ТБ;83.0;83.4;+1.3%;;;#6EC7F7;;;;;;;parent;
План;КБ;42018;42018;Факторы изменения2;ВСП;83.4;84.7;+6.4%;;;#6EC7F7;;;;;;;parent;
План;КБ;42018;42018;Факторы изменения2;Факт 3М'18;60;84.7;84.7;;;#dfdfdf;;;;;;;parent;
План;КБ;42018;42018;Динамика расходов на персонал;2016;н/д;н/д;;;;;;;;;;;parent;
План;КБ;42018;42018;Динамика расходов на персонал;2017;36;35;;;;;;;;;;;parent;
План;КБ;42018;42018;Динамика расходов на персонал;2018;14;38;;;;;;;;;;;parent;
План;КБ;42018;42018;Динамика расходов на персонал;2019;0;н/д;;;;;;;;;;;parent;
План;КБ;42018;42018;Динамика расходов на персонал;2020;0;н/д;;;;;;;;;;;parent;
